<?xml version="1.0" encoding="UTF-8"?>
<project-private xmlns="http://www.netbeans.org/ns/project-private/1">
    <editor-bookmarks xmlns="http://www.netbeans.org/ns/editor-bookmarks/2" lastBookmarkId="0"/>
    <open-files xmlns="http://www.netbeans.org/ns/projectui-open-files/2">
        <group>
            <file>file:/D:/Embedded-course/interfacing_codes/GPIO_PIC_DEVICE_DERIVER_USART/MCAL_LAYER/USART/hal_usart.c</file>
            <file>file:/D:/Embedded-course/interfacing_codes/GPIO_PIC_DEVICE_DERIVER_USART/application.c</file>
            <file>file:/D:/Embedded-course/interfacing_codes/GPIO_PIC_DEVICE_DERIVER_USART/MCAL_LAYER/USART/hal_usart.h</file>
        </group>
    </open-files>
</project-private>
