<?xml version="1.0" encoding="UTF-8"?>
<project-private xmlns="http://www.netbeans.org/ns/project-private/1">
    <editor-bookmarks xmlns="http://www.netbeans.org/ns/editor-bookmarks/2" lastBookmarkId="0"/>
    <open-files xmlns="http://www.netbeans.org/ns/projectui-open-files/2">
        <group>
            <file>file:/D:/Embedded-course/interfacing_codes/GPIO_PIC_DEVICE_DERIVER_Keypad/MCAL_LAYER/Interrupt/mcal_external_interrupt.h</file>
            <file>file:/D:/Embedded-course/interfacing_codes/GPIO_PIC_DEVICE_DERIVER_Keypad/MCAL_LAYER/Interrupt/mcal_interrupt_gen_cfg.h</file>
            <file>file:/D:/Embedded-course/interfacing_codes/GPIO_PIC_DEVICE_DERIVER_Keypad/MCAL_LAYER/Interrupt/mcal_interrupt_manager.h</file>
            <file>file:/D:/Embedded-course/interfacing_codes/GPIO_PIC_DEVICE_DERIVER_Keypad/MCAL_LAYER/Interrupt/mcal_interrupt_config.h</file>
            <file>file:/D:/Embedded-course/interfacing_codes/GPIO_PIC_DEVICE_DERIVER_Keypad/MCAL_LAYER/Interrupt/mcal_external_interrupt.c</file>
            <file>file:/D:/Embedded-course/interfacing_codes/GPIO_PIC_DEVICE_DERIVER_Keypad/MCAL_LAYER/Interrupt/mcal_interrupt_manager.c</file>
            <file>file:/D:/Embedded-course/interfacing_codes/GPIO_PIC_DEVICE_DERIVER_Keypad/application.c</file>
        </group>
    </open-files>
</project-private>
